#,✓,Name,Quiddity,Rank,Power,Momentum,Target Momentum,Freeze Ticks
23,X,Emdre,Manipulation,14,85.0281572350099,0.463035369962165,0.637119189857169,1,~,#0.1,#0,#-0.5,#0.25,#0.4,#0.1,#0.2,#0,#0,#0,#0,#0,#0,#0,#0,#0,#0,#0,#0,#0,#0,#0,#0,#0,#0,#0,#0,#0,#0,#0,#0,#0,#0,#0,#0,#0,#0,#0,#0,#0,#0,#0,#0,#0,#0,#0,#0,#0,#0,#0,#0,#0,#0,#0,#0,#0,#0,#0,#0,#0,#0,#0,#0
21,X,Helade,the Soul,3,84.8559829136872,-0.293594024939786,-0.982906971606353,1,#-0.1,~,#0.3,#0.1,#0.2,#-0.3,#0,#0.1,#0,#0,#0,#0,#0,#0,#0,#0,#0,#0,#0,#0,#0,#0,#0,#0,#0,#0,#0,#0,#0,#0,#0,#0,#0,#0,#0,#0,#0,#0,#0,#0,#0,#0,#0,#0,#0,#0,#0,#0,#0,#0,#0,#0,#0,#0,#0,#0,#0,#0,#0,#0,#0,#0,#0,#0
32,X,Azimech,Propagation,19,77.300933379026,0.710625547189725,1.05230949038389,1,#0,#0.3,~,#0,#0.3,#-0.4,#0.3,#0,#0,#0,#0,#0,#0,#0,#0,#0,#0,#0,#0,#0,#0,#0,#0,#0,#0,#0,#0,#0,#0,#0,#0,#0,#0,#0,#0,#0,#0,#0,#0,#0,#0,#0,#0,#0,#0,#0,#0,#0,#0,#0,#0,#0,#0,#0,#0,#0,#0,#0,#0,#0,#0,#0,#0,#0
24,X,Vandine,Law,7,76.3606269601045,1.02950098836894,1.27184609879343,1,#-0.5,#0.15,#-0.1,~,#0.3,#-0.4,#-0.1,#-0.4,#0,#0,#0,#0,#0,#0,#0,#0,#0,#0,#0,#0,#0,#0,#0,#0,#0,#0,#0,#0,#0,#0,#0,#0,#0,#0,#0,#0,#0,#0,#0,#0,#0,#0,#0,#0,#0,#0,#0,#0,#0,#0,#0,#0,#0,#0,#0,#0,#0,#0,#0,#0,#0,#0,#0,#0
10,X,Abcadef,Language,23,71.7741911251886,0.257567219391184,-0.103115267816802,4,#0.2,#0.2,#0.3,#0.3,~,#-0.2,#-0.1,#0,#0,#0,#0,#0,#0,#0,#0,#0,#0,#0,#0,#0,#0,#0,#0,#0,#0,#0,#0,#0,#0,#0,#0,#0,#0,#0,#0,#0,#0,#0,#0,#0,#0,#0,#0,#0,#0,#0,#0,#0,#0,#0,#0,#0,#0,#0,#0,#0,#0,#0,#0,#0,#0,#0,#0,#0
52,X,Zere,Poison,46,28.3656867531201,-0.306605404216949,-0.733191736270091,4,#0.4,#-0.2,#-0.4,#-0.4,#-0.2,~,#-0.5,#0.1,#0,#0,#0,#0,#0,#0,#0,#0,#0,#0,#0,#0,#0,#0,#0,#0,#0,#0,#0,#0,#0,#0,#0,#0,#0,#0,#0,#0,#0,#0,#0,#0,#0,#0,#0,#0,#0,#0,#0,#0,#0,#0,#0,#0,#0,#0,#0,#0,#0,#0,#0,#0,#0,#0,#0,#0
37,X,Tiveal,Flight,49,25.0922153261757,1.04777726591406,1.44422454919209,2,#0,#0.05,#0.3,#-0.1,#-0.1,#-0.4,~,#-0.2,#0,#0,#0,#0,#0,#0,#0,#0,#0,#0,#0,#0,#0,#0,#0,#0,#0,#0,#0,#0,#0,#0,#0,#0,#0,#0,#0,#0,#0,#0,#0,#0,#0,#0,#0,#0,#0,#0,#0,#0,#0,#0,#0,#0,#0,#0,#0,#0,#0,#0,#0,#0,#0,#0,#0,#0
25,X,Vicunius,Apathy,63,7.18181277667069,-0.258806811891891,-0.533702311017929,0,#0.2,#0,#-0.2,#-0.2,#0.1,#0.15,#-0.2,~,#0,#0,#0,#0,#0,#0,#0,#0,#0,#0,#0,#0,#0,#0,#0,#0,#0,#0,#0,#0,#0,#0,#0,#0,#0,#0,#0,#0,#0,#0,#0,#0,#0,#0,#0,#0,#0,#0,#0,#0,#0,#0,#0,#0,#0,#0,#0,#0,#0,#0,#0,#0,#0,#0,#0,#0
1,,Pospathiakel,Details,58,0,0,0,0,#0,#0,#0,#0,#0,#0,#0,#0,~,#0,#0,#0,#0,#0,#0,#0,#0,#0,#0,#0,#0,#0,#0,#0,#0,#0,#0,#0,#0,#0,#0,#0,#0,#0,#0,#0,#0,#0,#0,#0,#0,#0,#0,#0,#0,#0,#0,#0,#0,#0,#0,#0,#0,#0,#0,#0,#0,#0,#0,#0,#0,#0,#0,#0
2,,Ekta,Outbursts,28,0,0,0,0,#0,#0,#0,#0,#0,#0,#0,#0,#0,~,#0,#0,#0,#0,#0,#0,#0,#0,#0,#0,#0,#0,#0,#0,#0,#0,#0,#0,#0,#0,#0,#0,#0,#0,#0,#0,#0,#0,#0,#0,#0,#0,#0,#0,#0,#0,#0,#0,#0,#0,#0,#0,#0,#0,#0,#0,#0,#0,#0,#0,#0,#0,#0,#0
3,,Mannon,History,26,0,0,0,0,#0,#0,#0,#0,#0,#0,#0,#0,#0,#0,~,#0,#0,#0,#0,#0,#0,#0,#0,#0,#0,#0,#0,#0,#0,#0,#0,#0,#0,#0,#0,#0,#0,#0,#0,#0,#0,#0,#0,#0,#0,#0,#0,#0,#0,#0,#0,#0,#0,#0,#0,#0,#0,#0,#0,#0,#0,#0,#0,#0,#0,#0,#0,#0
4,,Ves,the End,11,0,0,0,0,#0,#0,#0,#0,#0,#0,#0,#0,#0,#0,#0,~,#0,#0,#0,#0,#0,#0,#0,#0,#0,#0,#0,#0,#0,#0,#0,#0,#0,#0,#0,#0,#0,#0,#0,#0,#0,#0,#0,#0,#0,#0,#0,#0,#0,#0,#0,#0,#0,#0,#0,#0,#0,#0,#0,#0,#0,#0,#0,#0,#0,#0,#0,#0
5,,Oparn,Hubris,64,0,0,0,0,#0,#0,#0,#0,#0,#0,#0,#0,#0,#0,#0,#0,~,#0,#0,#0,#0,#0,#0,#0,#0,#0,#0,#0,#0,#0,#0,#0,#0,#0,#0,#0,#0,#0,#0,#0,#0,#0,#0,#0,#0,#0,#0,#0,#0,#0,#0,#0,#0,#0,#0,#0,#0,#0,#0,#0,#0,#0,#0,#0,#0,#0,#0,#0
6,,Davroy,Indulgence,51,0,0,0,0,#0,#0,#0,#0,#0,#0,#0,#0,#0,#0,#0,#0,#0,~,#0,#0,#0,#0,#0,#0,#0,#0,#0,#0,#0,#0,#0,#0,#0,#0,#0,#0,#0,#0,#0,#0,#0,#0,#0,#0,#0,#0,#0,#0,#0,#0,#0,#0,#0,#0,#0,#0,#0,#0,#0,#0,#0,#0,#0,#0,#0,#0,#0,#0
7,,Breveln,Presence,9,0,0,0,0,#0,#0,#0,#0,#0,#0,#0,#0,#0,#0,#0,#0,#0,#0,~,#0,#0,#0,#0,#0,#0,#0,#0,#0,#0,#0,#0,#0,#0,#0,#0,#0,#0,#0,#0,#0,#0,#0,#0,#0,#0,#0,#0,#0,#0,#0,#0,#0,#0,#0,#0,#0,#0,#0,#0,#0,#0,#0,#0,#0,#0,#0,#0,#0
8,,Coron,Isolation,59,0,0,0,0,#0,#0,#0,#0,#0,#0,#0,#0,#0,#0,#0,#0,#0,#0,#0,~,#0,#0,#0,#0,#0,#0,#0,#0,#0,#0,#0,#0,#0,#0,#0,#0,#0,#0,#0,#0,#0,#0,#0,#0,#0,#0,#0,#0,#0,#0,#0,#0,#0,#0,#0,#0,#0,#0,#0,#0,#0,#0,#0,#0,#0,#0,#0,#0
9,,Yesrem,Currency,12,0,0,0,0,#0,#0,#0,#0,#0,#0,#0,#0,#0,#0,#0,#0,#0,#0,#0,#0,~,#0,#0,#0,#0,#0,#0,#0,#0,#0,#0,#0,#0,#0,#0,#0,#0,#0,#0,#0,#0,#0,#0,#0,#0,#0,#0,#0,#0,#0,#0,#0,#0,#0,#0,#0,#0,#0,#0,#0,#0,#0,#0,#0,#0,#0,#0,#0
11,,Junez,Youth,38,0,0,0,0,#0,#0,#0,#0,#0,#0,#0,#0,#0,#0,#0,#0,#0,#0,#0,#0,#0,~,#0,#0,#0,#0,#0,#0,#0,#0,#0,#0,#0,#0,#0,#0,#0,#0,#0,#0,#0,#0,#0,#0,#0,#0,#0,#0,#0,#0,#0,#0,#0,#0,#0,#0,#0,#0,#0,#0,#0,#0,#0,#0,#0,#0,#0,#0
12,,Qua,the Unknown,18,0,0,0,0,#0,#0,#0,#0,#0,#0,#0,#0,#0,#0,#0,#0,#0,#0,#0,#0,#0,#0,~,#0,#0,#0,#0,#0,#0,#0,#0,#0,#0,#0,#0,#0,#0,#0,#0,#0,#0,#0,#0,#0,#0,#0,#0,#0,#0,#0,#0,#0,#0,#0,#0,#0,#0,#0,#0,#0,#0,#0,#0,#0,#0,#0,#0,#0
13,,Nil,Negation,37,0,0,0,0,#0,#0,#0,#0,#0,#0,#0,#0,#0,#0,#0,#0,#0,#0,#0,#0,#0,#0,#0,~,#0,#0,#0,#0,#0,#0,#0,#0,#0,#0,#0,#0,#0,#0,#0,#0,#0,#0,#0,#0,#0,#0,#0,#0,#0,#0,#0,#0,#0,#0,#0,#0,#0,#0,#0,#0,#0,#0,#0,#0,#0,#0,#0,#0
14,,Zodaea,Fluidity,57,0,0,0,0,#0,#0,#0,#0,#0,#0,#0,#0,#0,#0,#0,#0,#0,#0,#0,#0,#0,#0,#0,#0,~,#0,#0,#0,#0,#0,#0,#0,#0,#0,#0,#0,#0,#0,#0,#0,#0,#0,#0,#0,#0,#0,#0,#0,#0,#0,#0,#0,#0,#0,#0,#0,#0,#0,#0,#0,#0,#0,#0,#0,#0,#0,#0,#0
15,,Réos,Divinity,1,0,0,0,0,#0,#0,#0,#0,#0,#0,#0,#0,#0,#0,#0,#0,#0,#0,#0,#0,#0,#0,#0,#0,#0,~,#0,#0,#0,#0,#0,#0,#0,#0,#0,#0,#0,#0,#0,#0,#0,#0,#0,#0,#0,#0,#0,#0,#0,#0,#0,#0,#0,#0,#0,#0,#0,#0,#0,#0,#0,#0,#0,#0,#0,#0,#0,#0
16,,Yutheng,Song,56,0,0,0,0,#0,#0,#0,#0,#0,#0,#0,#0,#0,#0,#0,#0,#0,#0,#0,#0,#0,#0,#0,#0,#0,#0,~,#0,#0,#0,#0,#0,#0,#0,#0,#0,#0,#0,#0,#0,#0,#0,#0,#0,#0,#0,#0,#0,#0,#0,#0,#0,#0,#0,#0,#0,#0,#0,#0,#0,#0,#0,#0,#0,#0,#0,#0,#0
17,,Tektak-tek,Rhythm,50,0,0,0,0,#0,#0,#0,#0,#0,#0,#0,#0,#0,#0,#0,#0,#0,#0,#0,#0,#0,#0,#0,#0,#0,#0,#0,~,#0,#0,#0,#0,#0,#0,#0,#0,#0,#0,#0,#0,#0,#0,#0,#0,#0,#0,#0,#0,#0,#0,#0,#0,#0,#0,#0,#0,#0,#0,#0,#0,#0,#0,#0,#0,#0,#0,#0,#0
18,,Nuramn,Warmth,52,0,0,0,0,#0,#0,#0,#0,#0,#0,#0,#0,#0,#0,#0,#0,#0,#0,#0,#0,#0,#0,#0,#0,#0,#0,#0,#0,~,#0,#0,#0,#0,#0,#0,#0,#0,#0,#0,#0,#0,#0,#0,#0,#0,#0,#0,#0,#0,#0,#0,#0,#0,#0,#0,#0,#0,#0,#0,#0,#0,#0,#0,#0,#0,#0,#0,#0
19,,Geslif,Distance,39,0,0,0,0,#0,#0,#0,#0,#0,#0,#0,#0,#0,#0,#0,#0,#0,#0,#0,#0,#0,#0,#0,#0,#0,#0,#0,#0,#0,~,#0,#0,#0,#0,#0,#0,#0,#0,#0,#0,#0,#0,#0,#0,#0,#0,#0,#0,#0,#0,#0,#0,#0,#0,#0,#0,#0,#0,#0,#0,#0,#0,#0,#0,#0,#0,#0,#0
20,,Kthento,Anchors,41,0,0,0,0,#0,#0,#0,#0,#0,#0,#0,#0,#0,#0,#0,#0,#0,#0,#0,#0,#0,#0,#0,#0,#0,#0,#0,#0,#0,#0,~,#0,#0,#0,#0,#0,#0,#0,#0,#0,#0,#0,#0,#0,#0,#0,#0,#0,#0,#0,#0,#0,#0,#0,#0,#0,#0,#0,#0,#0,#0,#0,#0,#0,#0,#0,#0,#0
22,,Ittell,Vigils,20,0,0,0,0,#0,#0,#0,#0,#0,#0,#0,#0,#0,#0,#0,#0,#0,#0,#0,#0,#0,#0,#0,#0,#0,#0,#0,#0,#0,#0,#0,~,#0,#0,#0,#0,#0,#0,#0,#0,#0,#0,#0,#0,#0,#0,#0,#0,#0,#0,#0,#0,#0,#0,#0,#0,#0,#0,#0,#0,#0,#0,#0,#0,#0,#0,#0,#0
26,,Oroz,Paths,44,0,0,0,0,#0,#0,#0,#0,#0,#0,#0,#0,#0,#0,#0,#0,#0,#0,#0,#0,#0,#0,#0,#0,#0,#0,#0,#0,#0,#0,#0,#0,~,#0,#0,#0,#0,#0,#0,#0,#0,#0,#0,#0,#0,#0,#0,#0,#0,#0,#0,#0,#0,#0,#0,#0,#0,#0,#0,#0,#0,#0,#0,#0,#0,#0,#0,#0
27,,Cathiciss,Wounds,30,0,0,0,0,#0,#0,#0,#0,#0,#0,#0,#0,#0,#0,#0,#0,#0,#0,#0,#0,#0,#0,#0,#0,#0,#0,#0,#0,#0,#0,#0,#0,#0,~,#0,#0,#0,#0,#0,#0,#0,#0,#0,#0,#0,#0,#0,#0,#0,#0,#0,#0,#0,#0,#0,#0,#0,#0,#0,#0,#0,#0,#0,#0,#0,#0,#0,#0
28,,Olivarian,Mortality,8,0,0,0,0,#0,#0,#0,#0,#0,#0,#0,#0,#0,#0,#0,#0,#0,#0,#0,#0,#0,#0,#0,#0,#0,#0,#0,#0,#0,#0,#0,#0,#0,#0,~,#0,#0,#0,#0,#0,#0,#0,#0,#0,#0,#0,#0,#0,#0,#0,#0,#0,#0,#0,#0,#0,#0,#0,#0,#0,#0,#0,#0,#0,#0,#0,#0,#0
29,,Sthwit,Disguise,40,0,0,0,0,#0,#0,#0,#0,#0,#0,#0,#0,#0,#0,#0,#0,#0,#0,#0,#0,#0,#0,#0,#0,#0,#0,#0,#0,#0,#0,#0,#0,#0,#0,#0,~,#0,#0,#0,#0,#0,#0,#0,#0,#0,#0,#0,#0,#0,#0,#0,#0,#0,#0,#0,#0,#0,#0,#0,#0,#0,#0,#0,#0,#0,#0,#0,#0
30,,Weirm,Impediment,45,0,0,0,0,#0,#0,#0,#0,#0,#0,#0,#0,#0,#0,#0,#0,#0,#0,#0,#0,#0,#0,#0,#0,#0,#0,#0,#0,#0,#0,#0,#0,#0,#0,#0,#0,~,#0,#0,#0,#0,#0,#0,#0,#0,#0,#0,#0,#0,#0,#0,#0,#0,#0,#0,#0,#0,#0,#0,#0,#0,#0,#0,#0,#0,#0,#0,#0
31,,Amphistyr,Hunger,15,0,0,0,0,#0,#0,#0,#0,#0,#0,#0,#0,#0,#0,#0,#0,#0,#0,#0,#0,#0,#0,#0,#0,#0,#0,#0,#0,#0,#0,#0,#0,#0,#0,#0,#0,#0,~,#0,#0,#0,#0,#0,#0,#0,#0,#0,#0,#0,#0,#0,#0,#0,#0,#0,#0,#0,#0,#0,#0,#0,#0,#0,#0,#0,#0,#0,#0
33,,Anyaneta,Blood,5,0,0,0,0,#0,#0,#0,#0,#0,#0,#0,#0,#0,#0,#0,#0,#0,#0,#0,#0,#0,#0,#0,#0,#0,#0,#0,#0,#0,#0,#0,#0,#0,#0,#0,#0,#0,#0,~,#0,#0,#0,#0,#0,#0,#0,#0,#0,#0,#0,#0,#0,#0,#0,#0,#0,#0,#0,#0,#0,#0,#0,#0,#0,#0,#0,#0,#0
34,,Ursn,Stone,2,0,0,0,0,#0,#0,#0,#0,#0,#0,#0,#0,#0,#0,#0,#0,#0,#0,#0,#0,#0,#0,#0,#0,#0,#0,#0,#0,#0,#0,#0,#0,#0,#0,#0,#0,#0,#0,#0,~,#0,#0,#0,#0,#0,#0,#0,#0,#0,#0,#0,#0,#0,#0,#0,#0,#0,#0,#0,#0,#0,#0,#0,#0,#0,#0,#0,#0
35,,Gauett,the Mind,4,0,0,0,0,#0,#0,#0,#0,#0,#0,#0,#0,#0,#0,#0,#0,#0,#0,#0,#0,#0,#0,#0,#0,#0,#0,#0,#0,#0,#0,#0,#0,#0,#0,#0,#0,#0,#0,#0,#0,~,#0,#0,#0,#0,#0,#0,#0,#0,#0,#0,#0,#0,#0,#0,#0,#0,#0,#0,#0,#0,#0,#0,#0,#0,#0,#0,#0
36,,Molvenne,Trees,42,0,0,0,0,#0,#0,#0,#0,#0,#0,#0,#0,#0,#0,#0,#0,#0,#0,#0,#0,#0,#0,#0,#0,#0,#0,#0,#0,#0,#0,#0,#0,#0,#0,#0,#0,#0,#0,#0,#0,#0,~,#0,#0,#0,#0,#0,#0,#0,#0,#0,#0,#0,#0,#0,#0,#0,#0,#0,#0,#0,#0,#0,#0,#0,#0,#0,#0
38,,Qaloh,Absolution,34,0,0,0,0,#0,#0,#0,#0,#0,#0,#0,#0,#0,#0,#0,#0,#0,#0,#0,#0,#0,#0,#0,#0,#0,#0,#0,#0,#0,#0,#0,#0,#0,#0,#0,#0,#0,#0,#0,#0,#0,#0,~,#0,#0,#0,#0,#0,#0,#0,#0,#0,#0,#0,#0,#0,#0,#0,#0,#0,#0,#0,#0,#0,#0,#0,#0,#0
39,,Selauera,Medicine,53,0,0,0,0,#0,#0,#0,#0,#0,#0,#0,#0,#0,#0,#0,#0,#0,#0,#0,#0,#0,#0,#0,#0,#0,#0,#0,#0,#0,#0,#0,#0,#0,#0,#0,#0,#0,#0,#0,#0,#0,#0,#0,~,#0,#0,#0,#0,#0,#0,#0,#0,#0,#0,#0,#0,#0,#0,#0,#0,#0,#0,#0,#0,#0,#0,#0,#0
40,,Pent,Rule,13,0,0,0,0,#0,#0,#0,#0,#0,#0,#0,#0,#0,#0,#0,#0,#0,#0,#0,#0,#0,#0,#0,#0,#0,#0,#0,#0,#0,#0,#0,#0,#0,#0,#0,#0,#0,#0,#0,#0,#0,#0,#0,#0,~,#0,#0,#0,#0,#0,#0,#0,#0,#0,#0,#0,#0,#0,#0,#0,#0,#0,#0,#0,#0,#0,#0,#0
41,,Boijn,Revenge,10,0,0,0,0,#0,#0,#0,#0,#0,#0,#0,#0,#0,#0,#0,#0,#0,#0,#0,#0,#0,#0,#0,#0,#0,#0,#0,#0,#0,#0,#0,#0,#0,#0,#0,#0,#0,#0,#0,#0,#0,#0,#0,#0,#0,~,#0,#0,#0,#0,#0,#0,#0,#0,#0,#0,#0,#0,#0,#0,#0,#0,#0,#0,#0,#0,#0,#0
42,,Tehehar,Heists,36,0,0,0,0,#0,#0,#0,#0,#0,#0,#0,#0,#0,#0,#0,#0,#0,#0,#0,#0,#0,#0,#0,#0,#0,#0,#0,#0,#0,#0,#0,#0,#0,#0,#0,#0,#0,#0,#0,#0,#0,#0,#0,#0,#0,#0,~,#0,#0,#0,#0,#0,#0,#0,#0,#0,#0,#0,#0,#0,#0,#0,#0,#0,#0,#0,#0,#0
43,,Levfe,Glass,48,0,0,0,0,#0,#0,#0,#0,#0,#0,#0,#0,#0,#0,#0,#0,#0,#0,#0,#0,#0,#0,#0,#0,#0,#0,#0,#0,#0,#0,#0,#0,#0,#0,#0,#0,#0,#0,#0,#0,#0,#0,#0,#0,#0,#0,#0,~,#0,#0,#0,#0,#0,#0,#0,#0,#0,#0,#0,#0,#0,#0,#0,#0,#0,#0,#0,#0
44,,Wabsoab,Forecasts,47,0,0,0,0,#0,#0,#0,#0,#0,#0,#0,#0,#0,#0,#0,#0,#0,#0,#0,#0,#0,#0,#0,#0,#0,#0,#0,#0,#0,#0,#0,#0,#0,#0,#0,#0,#0,#0,#0,#0,#0,#0,#0,#0,#0,#0,#0,#0,~,#0,#0,#0,#0,#0,#0,#0,#0,#0,#0,#0,#0,#0,#0,#0,#0,#0,#0,#0
45,,Inat,Taking,6,0,0,0,0,#0,#0,#0,#0,#0,#0,#0,#0,#0,#0,#0,#0,#0,#0,#0,#0,#0,#0,#0,#0,#0,#0,#0,#0,#0,#0,#0,#0,#0,#0,#0,#0,#0,#0,#0,#0,#0,#0,#0,#0,#0,#0,#0,#0,#0,~,#0,#0,#0,#0,#0,#0,#0,#0,#0,#0,#0,#0,#0,#0,#0,#0,#0,#0
46,,Lárûn,Halves,16,0,0,0,0,#0,#0,#0,#0,#0,#0,#0,#0,#0,#0,#0,#0,#0,#0,#0,#0,#0,#0,#0,#0,#0,#0,#0,#0,#0,#0,#0,#0,#0,#0,#0,#0,#0,#0,#0,#0,#0,#0,#0,#0,#0,#0,#0,#0,#0,#0,~,#0,#0,#0,#0,#0,#0,#0,#0,#0,#0,#0,#0,#0,#0,#0,#0,#0
47,,Xavu,Bonds,17,0,0,0,0,#0,#0,#0,#0,#0,#0,#0,#0,#0,#0,#0,#0,#0,#0,#0,#0,#0,#0,#0,#0,#0,#0,#0,#0,#0,#0,#0,#0,#0,#0,#0,#0,#0,#0,#0,#0,#0,#0,#0,#0,#0,#0,#0,#0,#0,#0,#0,~,#0,#0,#0,#0,#0,#0,#0,#0,#0,#0,#0,#0,#0,#0,#0,#0
48,,Te Zidal,the Void,31,0,0,0,0,#0,#0,#0,#0,#0,#0,#0,#0,#0,#0,#0,#0,#0,#0,#0,#0,#0,#0,#0,#0,#0,#0,#0,#0,#0,#0,#0,#0,#0,#0,#0,#0,#0,#0,#0,#0,#0,#0,#0,#0,#0,#0,#0,#0,#0,#0,#0,#0,~,#0,#0,#0,#0,#0,#0,#0,#0,#0,#0,#0,#0,#0,#0,#0
49,,Calcabrinne,Color,55,0,0,0,0,#0,#0,#0,#0,#0,#0,#0,#0,#0,#0,#0,#0,#0,#0,#0,#0,#0,#0,#0,#0,#0,#0,#0,#0,#0,#0,#0,#0,#0,#0,#0,#0,#0,#0,#0,#0,#0,#0,#0,#0,#0,#0,#0,#0,#0,#0,#0,#0,#0,~,#0,#0,#0,#0,#0,#0,#0,#0,#0,#0,#0,#0,#0,#0
50,,Onimod,Night,35,0,0,0,0,#0,#0,#0,#0,#0,#0,#0,#0,#0,#0,#0,#0,#0,#0,#0,#0,#0,#0,#0,#0,#0,#0,#0,#0,#0,#0,#0,#0,#0,#0,#0,#0,#0,#0,#0,#0,#0,#0,#0,#0,#0,#0,#0,#0,#0,#0,#0,#0,#0,#0,~,#0,#0,#0,#0,#0,#0,#0,#0,#0,#0,#0,#0,#0
51,,Fro,Tasks,54,0,0,0,0,#0,#0,#0,#0,#0,#0,#0,#0,#0,#0,#0,#0,#0,#0,#0,#0,#0,#0,#0,#0,#0,#0,#0,#0,#0,#0,#0,#0,#0,#0,#0,#0,#0,#0,#0,#0,#0,#0,#0,#0,#0,#0,#0,#0,#0,#0,#0,#0,#0,#0,#0,~,#0,#0,#0,#0,#0,#0,#0,#0,#0,#0,#0,#0
53,,Kenekketch,Games,61,0,0,0,0,#0,#0,#0,#0,#0,#0,#0,#0,#0,#0,#0,#0,#0,#0,#0,#0,#0,#0,#0,#0,#0,#0,#0,#0,#0,#0,#0,#0,#0,#0,#0,#0,#0,#0,#0,#0,#0,#0,#0,#0,#0,#0,#0,#0,#0,#0,#0,#0,#0,#0,#0,#0,~,#0,#0,#0,#0,#0,#0,#0,#0,#0,#0,#0
54,,Pignum,Humor,62,0,0,0,0,#0,#0,#0,#0,#0,#0,#0,#0,#0,#0,#0,#0,#0,#0,#0,#0,#0,#0,#0,#0,#0,#0,#0,#0,#0,#0,#0,#0,#0,#0,#0,#0,#0,#0,#0,#0,#0,#0,#0,#0,#0,#0,#0,#0,#0,#0,#0,#0,#0,#0,#0,#0,#0,~,#0,#0,#0,#0,#0,#0,#0,#0,#0,#0
55,,Ces,Coincidence,24,0,0,0,0,#0,#0,#0,#0,#0,#0,#0,#0,#0,#0,#0,#0,#0,#0,#0,#0,#0,#0,#0,#0,#0,#0,#0,#0,#0,#0,#0,#0,#0,#0,#0,#0,#0,#0,#0,#0,#0,#0,#0,#0,#0,#0,#0,#0,#0,#0,#0,#0,#0,#0,#0,#0,#0,#0,~,#0,#0,#0,#0,#0,#0,#0,#0,#0
56,,Thanay,Bounty,25,0,0,0,0,#0,#0,#0,#0,#0,#0,#0,#0,#0,#0,#0,#0,#0,#0,#0,#0,#0,#0,#0,#0,#0,#0,#0,#0,#0,#0,#0,#0,#0,#0,#0,#0,#0,#0,#0,#0,#0,#0,#0,#0,#0,#0,#0,#0,#0,#0,#0,#0,#0,#0,#0,#0,#0,#0,#0,~,#0,#0,#0,#0,#0,#0,#0,#0
57,,Eu,the Godless,60,0,0,0,0,#0,#0,#0,#0,#0,#0,#0,#0,#0,#0,#0,#0,#0,#0,#0,#0,#0,#0,#0,#0,#0,#0,#0,#0,#0,#0,#0,#0,#0,#0,#0,#0,#0,#0,#0,#0,#0,#0,#0,#0,#0,#0,#0,#0,#0,#0,#0,#0,#0,#0,#0,#0,#0,#0,#0,#0,~,#0,#0,#0,#0,#0,#0,#0
58,,Irnei,Denial,43,0,0,0,0,#0,#0,#0,#0,#0,#0,#0,#0,#0,#0,#0,#0,#0,#0,#0,#0,#0,#0,#0,#0,#0,#0,#0,#0,#0,#0,#0,#0,#0,#0,#0,#0,#0,#0,#0,#0,#0,#0,#0,#0,#0,#0,#0,#0,#0,#0,#0,#0,#0,#0,#0,#0,#0,#0,#0,#0,#0,~,#0,#0,#0,#0,#0,#0
59,,Beledh,Invention,29,0,0,0,0,#0,#0,#0,#0,#0,#0,#0,#0,#0,#0,#0,#0,#0,#0,#0,#0,#0,#0,#0,#0,#0,#0,#0,#0,#0,#0,#0,#0,#0,#0,#0,#0,#0,#0,#0,#0,#0,#0,#0,#0,#0,#0,#0,#0,#0,#0,#0,#0,#0,#0,#0,#0,#0,#0,#0,#0,#0,#0,~,#0,#0,#0,#0,#0
60,,Wahalv,Balance,22,0,0,0,0,#0,#0,#0,#0,#0,#0,#0,#0,#0,#0,#0,#0,#0,#0,#0,#0,#0,#0,#0,#0,#0,#0,#0,#0,#0,#0,#0,#0,#0,#0,#0,#0,#0,#0,#0,#0,#0,#0,#0,#0,#0,#0,#0,#0,#0,#0,#0,#0,#0,#0,#0,#0,#0,#0,#0,#0,#0,#0,#0,~,#0,#0,#0,#0
61,,Rizū,Fear,21,0,0,0,0,#0,#0,#0,#0,#0,#0,#0,#0,#0,#0,#0,#0,#0,#0,#0,#0,#0,#0,#0,#0,#0,#0,#0,#0,#0,#0,#0,#0,#0,#0,#0,#0,#0,#0,#0,#0,#0,#0,#0,#0,#0,#0,#0,#0,#0,#0,#0,#0,#0,#0,#0,#0,#0,#0,#0,#0,#0,#0,#0,#0,~,#0,#0,#0
62,,Enlohen,Knowledge,27,0,0,0,0,#0,#0,#0,#0,#0,#0,#0,#0,#0,#0,#0,#0,#0,#0,#0,#0,#0,#0,#0,#0,#0,#0,#0,#0,#0,#0,#0,#0,#0,#0,#0,#0,#0,#0,#0,#0,#0,#0,#0,#0,#0,#0,#0,#0,#0,#0,#0,#0,#0,#0,#0,#0,#0,#0,#0,#0,#0,#0,#0,#0,#0,~,#0,#0
63,,Dsidsziadsa,Cities,32,0,0,0,0,#0,#0,#0,#0,#0,#0,#0,#0,#0,#0,#0,#0,#0,#0,#0,#0,#0,#0,#0,#0,#0,#0,#0,#0,#0,#0,#0,#0,#0,#0,#0,#0,#0,#0,#0,#0,#0,#0,#0,#0,#0,#0,#0,#0,#0,#0,#0,#0,#0,#0,#0,#0,#0,#0,#0,#0,#0,#0,#0,#0,#0,#0,~,#0
64,,Ferezh,the Wild,33,0,0,0,0,#0,#0,#0,#0,#0,#0,#0,#0,#0,#0,#0,#0,#0,#0,#0,#0,#0,#0,#0,#0,#0,#0,#0,#0,#0,#0,#0,#0,#0,#0,#0,#0,#0,#0,#0,#0,#0,#0,#0,#0,#0,#0,#0,#0,#0,#0,#0,#0,#0,#0,#0,#0,#0,#0,#0,#0,#0,#0,#0,#0,#0,#0,#0,~
